delay,cooldown,total_time,feasible
0.25,46,1644.182953119278,True
0.6,35,1652.3978350162506,True
1.0,22,1615.2554852962494,True
1.5,8,1637.9872608184814,True
2.0,5,1997.393663406372,True
